{
  "generations": [
    {
      "gen": 0,
      "scores": [
        230.68212890625,
        235.06919860839844,
        242.66514587402344,
        193.819091796875,
        261.2575988769531,
        268.7098693847656,
        263.735107421875,
        243.51431274414062,
        301.0536193847656,
        286.38751220703125,
        256.9917297363281,
        264.7939758300781,
        216.4661102294922,
        284.2763366699219,
        263.8375549316406,
        306.1637268066406,
        272.03546142578125,
        225.12789916992188,
        250.4669189453125,
        227.7042236328125,
        242.80923461914062,
        259.39202880859375,
        213.4705047607422,
        244.42945861816406,
        229.84739685058594,
        222.63031005859375,
        243.48294067382812,
        206.96560668945312,
        242.1269989013672,
        256.4441833496094,
        262.03765869140625,
        226.20843505859375,
        232.37127685546875,
        210.5029296875,
        269.446533203125,
        235.535400390625,
        287.41357421875,
        208.6489715576172,
        262.27044677734375,
        279.2638854980469,
        284.2708740234375,
        232.33258056640625,
        218.04840087890625,
        281.3550720214844,
        229.5950469970703,
        217.1926727294922,
        215.7836151123047,
        202.8133087158203,
        201.85667419433594,
        235.8625030517578,
        228.32508850097656,
        225.6158905029297,
        175.2596435546875,
        238.35324096679688,
        163.723876953125,
        242.98587036132812,
        239.6158447265625,
        292.2591247558594,
        237.9671630859375,
        263.10809326171875
      ],
      "best": 306.1637268066406
    },
    {
      "gen": 1,
      "scores": [
        187.68487548828125,
        291.63800048828125,
        259.6272277832031,
        339.73284912109375,
        282.3324279785156,
        183.43606567382812,
        336.208740234375,
        306.1637268066406,
        301.0536193847656,
        292.2591247558594,
        287.41357421875
      ],
      "best": 339.73284912109375
    },
    {
      "gen": 2,
      "scores": [
        270.15521240234375,
        314.2167053222656,
        179.82427978515625,
        230.54583740234375,
        294.0335693359375,
        258.33642578125,
        267.0745849609375,
        339.73284912109375,
        336.208740234375,
        306.1637268066406,
        301.0536193847656
      ],
      "best": 339.73284912109375
    },
    {
      "gen": 3,
      "scores": [
        314.449462890625,
        284.9749755859375,
        325.84100341796875,
        210.6702880859375,
        298.2004699707031,
        196.69149780273438,
        175.74656677246094,
        339.73284912109375,
        336.208740234375,
        314.2167053222656,
        306.1637268066406
      ],
      "best": 339.73284912109375
    },
    {
      "gen": 4,
      "scores": [
        245.0220947265625,
        267.30694580078125,
        244.58811950683594,
        265.5084533691406,
        308.68109130859375,
        314.3014221191406,
        344.3874816894531,
        339.73284912109375,
        336.208740234375,
        325.84100341796875,
        314.449462890625
      ],
      "best": 344.3874816894531
    },
    {
      "gen": 5,
      "scores": [
        319.002685546875,
        288.042236328125,
        327.8223571777344,
        257.9364013671875,
        276.8524169921875,
        283.5762939453125,
        376.2164306640625,
        344.3874816894531,
        339.73284912109375,
        336.208740234375,
        325.84100341796875
      ],
      "best": 376.2164306640625
    },
    {
      "gen": 6,
      "scores": [
        398.5845642089844,
        301.8894348144531,
        348.6427917480469,
        239.93011474609375,
        376.4810485839844,
        324.5854187011719,
        301.4416198730469,
        376.2164306640625,
        344.3874816894531,
        339.73284912109375,
        336.208740234375
      ],
      "best": 398.5845642089844
    },
    {
      "gen": 7,
      "scores": [
        305.0273742675781,
        275.5169372558594,
        -99,
        284.6155700683594,
        339.8890380859375,
        382.8078308105469,
        320.4564514160156,
        398.5845642089844,
        376.4810485839844,
        376.2164306640625,
        348.6427917480469
      ],
      "best": 398.5845642089844
    },
    {
      "gen": 8,
      "scores": [
        108.94261169433594,
        375.18487548828125,
        335.0701904296875,
        310.9363098144531,
        349.58392333984375,
        -99,
        239.38246154785156,
        398.5845642089844,
        382.8078308105469,
        376.4810485839844,
        376.2164306640625
      ],
      "best": 398.5845642089844
    },
    {
      "gen": 9,
      "scores": [
        271.4489440917969,
        319.0196838378906,
        327.497314453125,
        215.4054412841797,
        298.7890319824219,
        339.19268798828125,
        321.5361022949219,
        398.5845642089844,
        382.8078308105469,
        376.4810485839844,
        376.2164306640625
      ],
      "best": 398.5845642089844
    },
    {
      "gen": 10,
      "scores": [
        325.375732421875,
        -99,
        350.7552795410156,
        296.3405456542969,
        351.0893859863281,
        170.07589721679688,
        337.1145935058594,
        398.5845642089844,
        382.8078308105469,
        376.4810485839844,
        376.2164306640625
      ],
      "best": 398.5845642089844
    },
    {
      "gen": 11,
      "scores": [
        355.3101501464844,
        303.7278137207031,
        355.67840576171875,
        296.8070373535156,
        228.7223358154297,
        281.3337097167969,
        306.2094421386719,
        398.5845642089844,
        382.8078308105469,
        376.4810485839844,
        376.2164306640625
      ],
      "best": 398.5845642089844
    },
    {
      "gen": 12,
      "scores": [
        343.0167541503906,
        133.7199249267578,
        250.25778198242188,
        355.0404968261719,
        277.5080261230469,
        262.4316711425781,
        317.9544677734375,
        398.5845642089844,
        382.8078308105469,
        376.4810485839844,
        376.2164306640625
      ],
      "best": 398.5845642089844
    },
    {
      "gen": 13,
      "scores": [
        234.83059692382812,
        289.51849365234375,
        331.5636291503906,
        182.35037231445312,
        83.37385559082031,
        312.0174560546875,
        217.69866943359375,
        398.5845642089844,
        382.8078308105469,
        376.4810485839844,
        376.2164306640625
      ],
      "best": 398.5845642089844
    },
    {
      "gen": 14,
      "scores": [
        326.42315673828125,
        296.0865783691406,
        254.162109375,
        2.0688228607177734,
        286.46502685546875,
        371.0201110839844,
        -99,
        398.5845642089844,
        382.8078308105469,
        376.4810485839844,
        376.2164306640625
      ],
      "best": 398.5845642089844
    },
    {
      "gen": 15,
      "scores": [
        272.3980407714844,
        335.93743896484375,
        365.3121032714844,
        237.89698791503906,
        259.4521789550781,
        373.2312927246094,
        401.84661865234375,
        398.5845642089844,
        382.8078308105469,
        376.4810485839844,
        376.2164306640625
      ],
      "best": 401.84661865234375
    },
    {
      "gen": 16,
      "scores": [
        310.93927001953125,
        250.81143188476562,
        233.21031188964844,
        188.09144592285156,
        271.6384582519531,
        282.6522216796875,
        349.8287658691406,
        401.84661865234375,
        398.5845642089844,
        382.8078308105469,
        376.4810485839844
      ],
      "best": 401.84661865234375
    }
  ]
}